{
    "PUSH_PBB": [
        "PUSH_PBB", 
        "ethertype", 
        "Push a new PBB service tag with \"ethertype\" (Openflow1.3+)", 
        "{\"type\": \"PUSH_PBB\", \"ethertype\": 35047}\n"
    ], 
    "POP_PBB": [
        "POP_PBB", 
        "None", 
        "Pop the outer PBB service tag", 
        "{\"type\": \"POP_PBB\"}\n"
    ], 
    "GROUP": [
        "GROUP", 
        "group_id", 
        "Apply group identified by \"group_id\"", 
        "{\"type\": \"GROUP\", \"group_id\": 5}\n"
    ], 
    "SET_NW_TTL": [
        "SET_NW_TTL", 
        "nw_ttl", 
        "Set IP TTL using \"nw_ttl\"", 
        "{\"type\": \"SET_NW_TTL\", \"nw_ttl\": 64}\n"
    ], 
    "POP_MPLS": [
        "POP_MPLS", 
        "ethertype", 
        "Pop the outer MPLS tag with \"ethertype\"", 
        "{\"type\": \"POP_MPLS\", \"ethertype\": 2054}\n"
    ], 
    "PUSH_VLAN": [
        "PUSH_VLAN", 
        "ethertype", 
        "Push a new VLAN tag with \"ethertype\"", 
        "{\"type\": \"PUSH_VLAN\", \"ethertype\": 33024}\n"
    ], 
    "PUSH_MPLS": [
        "PUSH_MPLS", 
        "ethertype", 
        "Push a new MPLS tag with \"ethertype\"", 
        "{\"type\": \"PUSH_MPLS\", \"ethertype\": 34887}\n"
    ], 
    "COPY_TTL_OUT": [
        "COPY_TTL_OUT", 
        "None", 
        "Copy TTL outwards", 
        "{\"type\": \"COPY_TTL_OUT\"}\n"
    ], 
    "SET_FIELD": [
        "SET_FIELD", 
        "field=value", 
        "Set a \"field\" using \"value\" (The set of keywords available for \"field\" is the same as match field)", 
        "See Example of set-field action\n"
    ], 
    "SET_MPLS_TTL": [
        "SET_MPLS_TTL", 
        "mpls_ttl", 
        "Set MPLS TTL using \"mpls_ttl\"", 
        "{\"type\": \"SET_MPLS_TTL\", \"mpls_ttl\": 64}\n"
    ], 
    "POP_VLAN": [
        "POP_VLAN", 
        "None", 
        "Pop the outer VLAN tag", 
        "{\"type\": \"POP_VLAN\"}\n"
    ], 
    "DEC_NW_TTL": [
        "DEC_NW_TTL", 
        "None", 
        "Decrement IP TTL", 
        "{\"type\": \"DEC_NW_TTL\"}\n"
    ], 
    "DEC_MPLS_TTL": [
        "DEC_MPLS_TTL", 
        "None", 
        "Decrem1ent MPLS TTL", 
        "{\"type\": \"DEC_MPLS_TTL\"}\n"
    ], 
    "SET_QUEUE": [
        "SET_QUEUE", 
        "queue_id", 
        "Set queue id using \"queue_id\" when outputting to a port", 
        "{\"type\": \"SET_QUEUE\", \"queue_id\": 7}\n"
    ], 
    "OUTPUT": [
        "OUTPUT", 
        "port", 
        "Output packet from \"port\"", 
        "{\"type\": \"OUTPUT\", \"port\": 3}\n"
    ], 
    "COPY_TTL_IN": [
        "COPY_TTL_IN", 
        "None", 
        "Copy TTL inwards", 
        "{\"type\": \"COPY_TTL_IN\"}\n"
    ]
}