{
    "id": "1",
    "jsonrpc": "2.0",
    "method": "createNetwork",
    "params": {
        "network": {
            "controller": {
                "ctrls": [
                    "tcp:localhost:10000"
                ],
                "type": "custom"
            },
            "hosts": [
                {
                    "dpid": "00:00:00:00:00:00:10:00",
                    "mac": "00:00:00:00:00:11",
                    "port": 1
                },
                {
                    "dpid": "00:00:00:00:00:00:20:00",
                    "mac": "00:00:00:00:00:12",
                    "port": 1
                },
                
                {
                    "dpid": "00:00:00:00:00:00:50:00",
                    "mac": "00:00:00:00:00:05",
                    "port": 1
                },
                {
                    "dpid": "00:00:00:00:00:00:90:00",
                    "mac": "00:00:00:00:00:01",
                    "port": 1
                }

                
                
            ],
            "routing": {
                "algorithm": "spf",
                "backup_num": 2
            },
            "subnet": "10.10.0.0/24",
            "type": "bigswitch"
        }
    }
}