{
    "id": "2",
    "jsonrpc": "2.0",
    "method": "createNetwork",
    "params": {
        "network": {
            "controller": {
                "ctrls": [
                    "tcp:localhost:20000"
                ],
                "type": "custom"
            },
            "hosts": [
                {
                    "dpid": "00:00:00:00:00:00:10:00",
                    "mac": "00:00:00:00:00:13",
                    "port": 2
                },
                {
                    "dpid": "00:00:00:00:00:00:20:00",
                    "mac": "00:00:00:00:00:14",
                    "port": 2
                },
               
                {
                    "dpid": "00:00:00:00:00:00:40:00",
                    "mac": "00:00:00:00:00:04",
                    "port": 1
                },
                {
                    "dpid": "00:00:00:00:00:00:90:00",
                    "mac": "00:00:00:00:00:02",
                    "port": 2
                }

                
                
            ],
            "routing": {
                "algorithm": "spf",
                "backup_num": 2
            },
            "subnet": "10.20.0.0/24",
            "type": "bigswitch"
        }
    }
}